time,distance,body1_vx,body1_vy,body2_vx,body2_vy
0.06,9893282.8,0.03,-0.0,-0.03,-0.26
0.13,9799624.82,0.04,-0.0,-0.04,-0.26
0.19,9678797.32,0.05,-0.0,-0.05,-0.25
0.25,9530485.83,0.07,-0.01,-0.07,-0.25
0.32,9354307.78,0.08,-0.01,-0.08,-0.25
0.38,9149815.93,0.1,-0.02,-0.1,-0.24
0.44,8916505.11,0.11,-0.02,-0.11,-0.24
0.51,8653825.05,0.13,-0.03,-0.13,-0.23
0.57,8361203.24,0.14,-0.04,-0.14,-0.22
0.63,8038085.32,0.16,-0.05,-0.16,-0.21
0.7,7684005.28,0.17,-0.06,-0.17,-0.2
0.76,7298707.53,0.19,-0.08,-0.19,-0.18
0.82,6882360.77,0.21,-0.1,-0.21,-0.16
0.89,6435936.52,0.22,-0.12,-0.22,-0.14
0.95,5961888.39,0.24,-0.15,-0.24,-0.11
1.01,5465385.21,0.25,-0.18,-0.25,-0.08
1.08,4956550.49,0.26,-0.23,-0.26,-0.03
1.14,4454401.15,0.26,-0.28,-0.26,0.02
1.2,3992974.94,0.25,-0.35,-0.25,0.09
1.27,3627392.8,0.21,-0.42,-0.21,0.16
1.33,3428594.33,0.13,-0.48,-0.13,0.23
1.4,3449962.6,0.02,-0.51,-0.02,0.26
1.46,3685157.26,-0.09,-0.49,0.09,0.24
1.52,4073798.27,-0.17,-0.44,0.17,0.18
1.59,4546330.13,-0.22,-0.37,0.22,0.11
1.65,5051762.23,-0.24,-0.31,0.24,0.05
1.71,5559401.14,-0.24,-0.26,0.24,0.0
1.78,6052291.01,-0.24,-0.22,0.24,-0.04
1.84,6521470.51,-0.23,-0.18,0.23,-0.08
1.9,6962409.32,-0.22,-0.15,0.22,-0.11
1.97,7373002.75,-0.21,-0.13,0.21,-0.13
2.03,7752469.16,-0.19,-0.11,0.19,-0.15
2.09,8100741.47,-0.18,-0.09,0.18,-0.17
2.16,8418127.27,-0.17,-0.07,0.17,-0.18
2.22,8705116.4,-0.15,-0.06,0.15,-0.2
2.28,8962270.8,-0.14,-0.05,0.14,-0.21
2.35,9190161.23,-0.13,-0.04,0.13,-0.22
2.41,9389330.91,-0.11,-0.03,0.11,-0.23
2.47,9560274.94,-0.1,-0.03,0.1,-0.23
2.54,9703428.89,-0.09,-0.02,0.09,-0.24
2.6,9819162.77,-0.07,-0.01,0.07,-0.24
2.66,9907778.16,-0.06,-0.01,0.06,-0.25
2.73,9969506.96,-0.05,-0.01,0.05,-0.25
2.79,10004511.04,-0.03,-0.0,0.03,-0.25
2.85,10012882.27,-0.02,-0.0,0.02,-0.26
2.92,9994642.65,-0.01,-0.0,0.01,-0.26
2.98,9949744.28,0.01,0.0,-0.01,-0.26
3.04,9878069.34,0.02,0.0,-0.02,-0.26
3.11,9779429.98,0.03,0.0,-0.03,-0.26
3.17,9653568.41,0.05,-0.0,-0.05,-0.26
3.23,9500157.46,0.06,-0.0,-0.06,-0.25
3.3,9318802.34,0.08,-0.01,-0.08,-0.25
3.36,9109044.49,0.09,-0.01,-0.09,-0.25
3.42,8870369.24,0.11,-0.02,-0.11,-0.24
3.49,8602220.11,0.12,-0.02,-0.12,-0.24
3.55,8304024.24,0.14,-0.03,-0.14,-0.23
3.61,7975237.09,0.16,-0.04,-0.16,-0.22
3.68,7615420.15,0.17,-0.05,-0.17,-0.21
3.74,7224376.27,0.19,-0.07,-0.19,-0.19
3.81,6802386.94,0.21,-0.09,-0.21,-0.17
3.87,6350633.4,0.23,-0.11,-0.23,-0.15
3.93,5871954.23,0.24,-0.14,-0.24,-0.12
4.0,5372222.39,0.26,-0.17,-0.26,-0.09
4.06,4862839.77,0.27,-0.22,-0.27,-0.04
4.12,4365068.63,0.27,-0.27,-0.27,0.01
4.19,3916480.69,0.26,-0.34,-0.26,0.08
4.25,3576155.76,0.22,-0.42,-0.22,0.16
4.31,3415221.86,0.14,-0.48,-0.14,0.23
4.38,3478501.55,0.03,-0.51,-0.03,0.25
4.44,3747377.09,-0.08,-0.49,0.08,0.23
4.5,4156309.3,-0.16,-0.44,0.16,0.18
4.57,4638056.25,-0.21,-0.38,0.21,0.12
4.63,5145698.57,-0.23,-0.32,0.23,0.06
4.69,5651595.11,-0.23,-0.27,0.23,0.01
4.76,6140625.05,-0.23,-0.23,0.23,-0.03
4.82,6604853.7,-0.23,-0.19,0.23,-0.07
4.88,7040313.8,-0.22,-0.16,0.22,-0.1
4.95,7445208.24,-0.21,-0.14,0.21,-0.12
5.01,7818922.4,-0.19,-0.12,0.19,-0.14
5.07,8161478.15,-0.18,-0.1,0.18,-0.16
5.14,8473227.99,-0.17,-0.08,0.17,-0.18
5.2,8754681.55,-0.15,-0.07,0.15,-0.19
5.26,9006406.15,-0.14,-0.06,0.14,-0.2
5.33,9228969.63,-0.13,-0.05,0.13,-0.21
5.39,9422907.56,-0.12,-0.04,0.12,-0.22
5.45,9588704.72,-0.1,-0.03,0.1,-0.23
5.52,9726784.96,-0.09,-0.02,0.09,-0.23
5.58,9837505.86,-0.08,-0.02,0.08,-0.24
5.64,9921156.2,-0.06,-0.01,0.06,-0.24
5.71,9977955.02,-0.05,-0.01,0.05,-0.25
5.77,10008051.28,-0.04,-0.01,0.04,-0.25
5.83,10011524.0,-0.03,-0.0,0.03,-0.26
5.9,9988382.29,-0.01,-0.0,0.01,-0.26
5.96,9938565.4,0.0,0.0,-0.0,-0.26
6.02,9861942.62,0.01,0.0,-0.01,-0.26
6.09,9758313.22,0.03,0.0,-0.03,-0.26
6.15,9627406.55,0.04,0.0,-0.04,-0.26
6.22,9468882.82,0.06,0.0,-0.06,-0.26
6.28,9282335.13,0.07,-0.0,-0.07,-0.26
6.34,9067293.86,0.09,-0.01,-0.09,-0.25
6.41,8823235.33,0.1,-0.01,-0.1,-0.25
6.47,8549597.67,0.12,-0.02,-0.12,-0.24
6.53,8245809.15,0.13,-0.02,-0.13,-0.24
6.6,7911337.61,0.15,-0.03,-0.15,-0.23
6.66,7545776.56,0.17,-0.04,-0.17,-0.22
6.72,7148995.08,0.19,-0.06,-0.19,-0.2
6.79,6721401.3,0.21,-0.07,-0.21,-0.18
6.85,6264411.15,0.23,-0.1,-0.23,-0.16
6.91,5781293.52,0.25,-0.13,-0.25,-0.13
6.98,5278707.9,0.26,-0.16,-0.26,-0.1
7.04,4769479.67,0.28,-0.21,-0.28,-0.05
7.1,4277341.08,0.28,-0.27,-0.28,0.01
7.17,3843610.35,0.27,-0.34,-0.27,0.08
7.23,3531067.72,0.23,-0.42,-0.23,0.16
7.29,3409648.64,0.14,-0.48,-0.14,0.23
7.36,3514147.94,0.03,-0.51,-0.03,0.25
7.42,3814333.84,-0.07,-0.49,0.07,0.23
7.48,4241222.83,-0.15,-0.44,0.15,0.18
7.55,4730604.85,-0.19,-0.38,0.19,0.12
7.61,5239541.0,-0.22,-0.32,0.22,0.06
7.67,5743197.25,-0.22,-0.27,0.22,0.02
7.74,6228106.85,-0.22,-0.23,0.22,-0.02
7.8,6687254.93,-0.22,-0.2,0.22,-0.06
7.86,7117178.06,-0.21,-0.17,0.21,-0.09
7.93,7516354.16,-0.2,-0.15,0.2,-0.11
7.99,7884317.68,-0.19,-0.13,0.19,-0.13
8.05,8221169.34,-0.18,-0.11,0.18,-0.15
8.12,8527300.81,-0.17,-0.09,0.17,-0.17
8.18,8803238.24,-0.16,-0.08,0.16,-0.18
8.24,9049552.43,-0.14,-0.07,0.14,-0.19
8.31,9266807.22,-0.13,-0.05,0.13,-0.2
8.37,9455529.91,-0.12,-0.05,0.12,-0.21
8.43,9616194.64,-0.11,-0.04,0.11,-0.22
8.5,9749213.36,-0.09,-0.03,0.09,-0.23
8.56,9854931.1,-0.08,-0.02,0.08,-0.24
8.63,9933623.88,-0.07,-0.02,0.07,-0.24
8.69,9985497.8,-0.06,-0.01,0.06,-0.25
8.75,10010688.98,-0.04,-0.01,0.04,-0.25
8.82,10009263.53,-0.03,-0.0,0.03,-0.25
8.88,9981217.73,-0.02,-0.0,0.02,-0.26
8.94,9926477.93,-0.01,0.0,0.01,-0.26
9.01,9844900.56,0.01,0.0,-0.01,-0.26
9.07,9736271.97,0.02,0.0,-0.02,-0.26
9.13,9600308.72,0.04,0.0,-0.04,-0.26
9.2,9436658.46,0.05,0.0,-0.05,-0.26
9.26,9244902.3,0.06,0.0,-0.06,-0.26
9.32,9024559.87,0.08,-0.0,-0.08,-0.26
9.39,8775098.97,0.1,-0.0,-0.1,-0.25
9.45,8495953.33,0.11,-0.01,-0.11,-0.25
9.51,8186553.94,0.13,-0.02,-0.13,-0.24
9.58,7846383.89,0.15,-0.02,-0.15,-0.23
9.64,7475073.64,0.17,-0.03,-0.17,-0.22
9.7,7072567.2,0.19,-0.05,-0.19,-0.21
9.77,6639414.81,0.21,-0.06,-0.21,-0.19
9.83,6177294.88,0.23,-0.09,-0.23,-0.17
9.89,5689957.23,0.25,-0.11,-0.25,-0.14
9.96,5184939.78,0.27,-0.15,-0.27,-0.11
10.02,4676650.84,0.28,-0.2,-0.28,-0.06
10.08,4191528.68,0.29,-0.26,-0.29,0.0
10.15,3774813.74,0.28,-0.33,-0.28,0.08
10.21,3492555.71,0.23,-0.42,-0.23,0.16
10.27,3411938.12,0.15,-0.48,-0.15,0.23
10.34,3556537.27,0.04,-0.51,-0.04,0.25
10.4,3885557.22,-0.07,-0.49,0.07,0.23
10.46,4328189.17,-0.14,-0.44,0.14,0.18
10.53,4823765.94,-0.18,-0.38,0.18,0.12
10.59,5333174.02,-0.21,-0.33,0.21,0.07
10.65,5834146.82,-0.22,-0.28,0.22,0.02
10.72,6314705.96,-0.22,-0.24,0.22,-0.02
10.78,6768660.27,-0.21,-0.21,0.21,-0.05
10.84,7192997.13,-0.21,-0.18,0.21,-0.08
10.91,7586440.38,-0.2,-0.16,0.2,-0.1
10.97,7948657.4,-0.19,-0.13,0.19,-0.12
11.04,8279818.64,-0.18,-0.12,0.18,-0.14
11.1,8580349.8,-0.17,-0.1,0.17,-0.16
11.16,8850790.57,-0.16,-0.09,0.16,-0.17
11.23,9091713.53,-0.15,-0.07,0.15,-0.19
11.29,9303677.53,-0.13,-0.06,0.13,-0.2
11.35,9487201.06,-0.12,-0.05,0.12,-0.21
11.42,9642747.32,-0.11,-0.04,0.11,-0.22
11.48,9770716.2,-0.1,-0.03,0.1,-0.22
11.54,9871440.14,-0.09,-0.03,0.09,-0.23
11.61,9945182.31,-0.08,-0.02,0.08,-0.24
11.67,9992135.94,-0.06,-0.02,0.06,-0.24
11.73,10012424.25,-0.05,-0.01,0.05,-0.25
11.8,10006100.5,-0.04,-0.01,0.04,-0.25
11.86,9973148.07,-0.03,-0.0,0.03,-0.26
11.92,9913480.49,-0.01,0.0,0.01,-0.26
11.99,9826941.25,0.0,0.0,-0.0,-0.26
12.05,9713303.84,0.02,0.01,-0.02,-0.26
12.11,9572272.04,0.03,0.01,-0.03,-0.26
12.18,9403481.0,0.04,0.01,-0.04,-0.26
12.24,9206500.03,0.06,0.01,-0.06,-0.26
12.3,8980838.32,0.07,0.0,-0.07,-0.26
12.37,8725955.75,0.09,0.0,-0.09,-0.26
12.43,8441282.65,0.11,-0.0,-0.11,-0.26
12.49,8126254.59,0.13,-0.01,-0.13,-0.25
12.56,7780373.03,0.14,-0.02,-0.14,-0.24
12.62,7403310.87,0.16,-0.02,-0.16,-0.23
12.68,6995096.73,0.19,-0.04,-0.19,-0.22
12.75,6556440.11,0.21,-0.05,-0.21,-0.2
12.81,6089312.98,0.23,-0.08,-0.23,-0.18
12.87,5598002.66,0.25,-0.1,-0.25,-0.16
12.94,5091027.68,0.27,-0.14,-0.27,-0.12
13.0,4584553.89,0.29,-0.19,-0.29,-0.07
13.06,4107969.07,0.3,-0.25,-0.3,-0.01
13.13,3710556.23,0.29,-0.33,-0.29,0.07
13.19,3461005.29,0.24,-0.41,-0.24,0.16
13.25,3422064.19,0.15,-0.48,-0.15,0.22
13.32,3605258.34,0.04,-0.51,-0.04,0.25
13.38,3960590.35,-0.06,-0.48,0.06,0.22
13.44,4416886.94,-0.13,-0.44,0.13,0.18
13.51,4917350.95,-0.17,-0.38,0.17,0.12
13.57,5426495.12,-0.2,-0.33,0.2,0.07
13.64,5924390.55,-0.21,-0.29,0.21,0.03
13.7,6400396.17,-0.21,-0.25,0.21,-0.01
13.76,6849058.3,-0.21,-0.22,0.21,-0.04
13.83,7267767.63,-0.2,-0.19,0.2,-0.07
13.89,7655467.84,-0.2,-0.17,0.2,-0.09
13.95,8011944.7,-0.19,-0.14,0.19,-0.11
14.02,8337430.25,-0.18,-0.13,0.18,-0.13
14.08,8632379.54,-0.17,-0.11,0.17,-0.15
14.14,8897343.11,-0.16,-0.09,0.16,-0.16
14.21,9132893.78,-0.15,-0.08,0.15,-0.18
14.27,9339584.54,-0.14,-0.07,0.14,-0.19
14.33,9517924.55,-0.13,-0.06,0.13,-0.2
14.4,9668365.84,-0.11,-0.05,0.11,-0.21
14.46,9791296.09,-0.1,-0.04,0.1,-0.22
14.52,9887035.08,-0.09,-0.03,0.09,-0.23
14.59,9955833.13,-0.08,-0.03,0.08,-0.23
14.65,9997870.59,-0.07,-0.02,0.07,-0.24
14.71,10013257.77,-0.06,-0.01,0.06,-0.25
14.78,10002035.08,-0.04,-0.01,0.04,-0.25
14.84,9964173.04,-0.03,-0.0,0.03,-0.26
14.9,9899572.3,-0.02,0.0,0.02,-0.26
14.97,9808063.45,-0.01,0.0,0.01,-0.26
15.03,9689407.12,0.01,0.01,-0.01,-0.26
15.09,9543294.32,0.02,0.01,-0.02,-0.27
15.16,9369347.83,0.04,0.01,-0.04,-0.27
15.22,9167125.33,0.05,0.01,-0.05,-0.27
15.28,8936125.91,0.07,0.01,-0.07,-0.27
15.35,8675802.2,0.08,0.01,-0.08,-0.27
15.41,8385582.28,0.1,0.0,-0.1,-0.26
15.47,8064908.29,0.12,-0.0,-0.12,-0.26
15.54,7713303.58,0.14,-0.01,-0.14,-0.25
15.6,7330489.57,0.16,-0.02,-0.16,-0.24
15.66,6916590.17,0.18,-0.03,-0.18,-0.23
15.73,6472493.36,0.21,-0.04,-0.21,-0.22
15.79,6000499.27,0.23,-0.06,-0.23,-0.19
15.85,5505495.92,0.25,-0.09,-0.25,-0.17
15.92,4997096.0,0.28,-0.13,-0.28,-0.13
15.98,4493412.77,0.3,-0.18,-0.3,-0.08
16.05,4027029.01,0.31,-0.24,-0.31,-0.01
16.11,3651312.91,0.3,-0.33,-0.3,0.07
16.17,3436747.89,0.25,-0.41,-0.25,0.15
16.24,3439912.1,0.16,-0.48,-0.16,0.22
16.3,3659865.67,0.05,-0.5,-0.05,0.24
16.36,4038994.32,-0.05,-0.48,0.05,0.22
16.43,4507020.91,-0.12,-0.43,0.12,0.18
16.49,5011189.32,-0.16,-0.38,0.16,0.13
16.55,5519411.82,-0.18,-0.34,0.18,0.08
16.62,6013880.12,-0.2,-0.29,0.2,0.04
16.68,6485153.48,-0.2,-0.26,0.2,-0.0
16.74,6928438.31,-0.2,-0.23,0.2,-0.03
16.81,7341486.11,-0.2,-0.2,0.2,-0.06
16.87,7723437.0,-0.19,-0.17,0.19,-0.08
16.93,8074182.09,-0.18,-0.15,0.18,-0.11
17.0,8394007.66,-0.18,-0.13,0.18,-0.12
17.06,8683393.87,-0.17,-0.12,0.17,-0.14
17.12,8942899.72,-0.16,-0.1,0.16,-0.16
17.19,9173096.86,-0.15,-0.09,0.15,-0.17
17.25,9374531.62,-0.14,-0.08,0.14,-0.18
17.31,9547703.43,-0.13,-0.07,0.13,-0.19
17.38,9693052.86,-0.12,-0.05,0.12,-0.2
17.44,9810955.28,-0.11,-0.05,0.11,-0.21
17.5,9901717.77,-0.1,-0.04,0.1,-0.22
17.57,9965577.78,-0.08,-0.03,0.08,-0.23
17.63,10002702.76,-0.07,-0.02,0.07,-0.24
17.69,10013190.16,-0.06,-0.02,0.06,-0.24
17.76,9997067.5,-0.05,-0.01,0.05,-0.25
17.82,9954292.46,-0.04,-0.0,0.04,-0.25
17.88,9884752.78,-0.02,-0.0,0.02,-0.26
17.95,9788266.19,-0.01,0.0,0.01,-0.26
18.01,9664580.44,0.0,0.01,-0.0,-0.27
18.07,9513373.83,0.02,0.01,-0.02,-0.27
18.14,9334256.85,0.03,0.01,-0.03,-0.27
18.2,9126775.78,0.05,0.01,-0.05,-0.27
18.26,8890420.03,0.06,0.01,-0.06,-0.27
18.33,8624635.67,0.08,0.01,-0.08,-0.27
18.39,8328849.83,0.1,0.01,-0.1,-0.27
18.46,8002513.45,0.12,0.01,-0.12,-0.26
18.52,7645175.59,0.14,0.0,-0.14,-0.26
18.58,7256612.96,0.16,-0.01,-0.16,-0.25
18.65,6837056.7,0.18,-0.02,-0.18,-0.24
18.71,6387594.57,0.2,-0.03,-0.2,-0.23
18.77,5910893.59,0.23,-0.05,-0.23,-0.21
18.84,5412512.97,0.26,-0.08,-0.26,-0.18
18.9,4903285.42,0.28,-0.12,-0.28,-0.14
18.96,4403476.49,0.3,-0.17,-0.3,-0.09
19.03,3949103.77,0.32,-0.24,-0.32,-0.02
19.09,3597559.59,0.3,-0.32,-0.3,0.06
19.15,3420048.17,0.25,-0.41,-0.25,0.15
19.22,3465282.7,0.16,-0.48,-0.16,0.22
19.28,3719891.98,0.05,-0.5,-0.05,0.24
19.34,4120352.07,-0.04,-0.48,0.04,0.22
19.41,4598320.75,-0.11,-0.43,0.11,0.17
19.47,5105126.63,-0.15,-0.39,0.15,0.13
19.53,5611840.3,-0.17,-0.34,0.17,0.08
19.6,6102571.4,-0.19,-0.3,0.19,0.04
19.66,6568955.53,-0.19,-0.26,0.19,0.01
19.72,7006789.9,-0.19,-0.23,0.19,-0.02
19.79,7414148.72,-0.19,-0.21,0.19,-0.05
19.85,7790347.55,-0.19,-0.18,0.19,-0.08
19.91,8135371.14,-0.18,-0.16,0.18,-0.1
19.98,8449553.33,-0.17,-0.14,0.17,-0.12
20.04,8733395.61,-0.17,-0.13,0.17,-0.13
20.1,8987463.25,-0.16,-0.11,0.16,-0.15
20.17,9212325.47,-0.15,-0.1,0.15,-0.16
20.23,9408521.22,-0.14,-0.08,0.14,-0.17
20.29,9576539.8,-0.13,-0.07,0.13,-0.19
20.36,9716810.13,-0.12,-0.06,0.12,-0.2
20.42,9829695.17,-0.11,-0.05,0.11,-0.21
20.48,9915489.24,-0.1,-0.04,0.1,-0.22
20.55,9974416.92,-0.09,-0.03,0.09,-0.22
20.61,10006632.77,-0.08,-0.03,0.08,-0.23
20.67,10012221.35,-0.07,-0.02,0.07,-0.24
20.74,9991197.34,-0.06,-0.01,0.06,-0.25
20.8,9943505.53,-0.04,-0.01,0.04,-0.25
20.87,9869020.79,-0.03,-0.0,0.03,-0.26
20.93,9767547.95,-0.02,0.0,0.02,-0.26
20.99,9638821.91,-0.0,0.01,0.0,-0.27
21.06,9482508.32,0.01,0.01,-0.01,-0.27
21.12,9298205.51,0.02,0.01,-0.02,-0.27
21.18,9085448.59,0.04,0.02,-0.04,-0.27
21.25,8843717.71,0.05,0.02,-0.05,-0.28
21.31,8572453.24,0.07,0.02,-0.07,-0.28
21.37,8271082.74,0.09,0.02,-0.09,-0.27
21.44,7939068.38,0.11,0.01,-0.11,-0.27
21.5,7575989.28,0.13,0.01,-0.13,-0.27
21.56,7181684.87,0.15,0.0,-0.15,-0.26
21.63,6756506.8,0.18,-0.01,-0.18,-0.25
21.69,6301766.38,0.2,-0.02,-0.2,-0.24
21.75,5820540.74,0.23,-0.04,-0.23,-0.22
21.82,5319138.93,0.26,-0.07,-0.26,-0.19
21.88,4809752.74,0.29,-0.11,-0.29,-0.15
21.94,4315019.14,0.31,-0.16,-0.31,-0.1
22.01,3874613.93,0.32,-0.23,-0.32,-0.03
22.07,3549761.08,0.31,-0.32,-0.31,0.06
22.13,3411093.05,0.26,-0.41,-0.26,0.15
22.2,3497900.53,0.17,-0.48,-0.17,0.22
22.26,3784860.87,0.06,-0.49,-0.06,0.24
22.32,4204272.45,-0.03,-0.47,0.03,0.21
22.39,4690541.22,-0.1,-0.43,0.1,0.17
22.45,5199024.67,-0.14,-0.39,0.14,0.13
22.51,5703706.06,-0.16,-0.34,0.16,0.09
22.58,6190425.39,-0.18,-0.31,0.18,0.05
22.64,6651782.85,-0.18,-0.27,0.18,0.01
22.7,7084104.24,-0.19,-0.24,0.19,-0.02
22.77,7485752.45,-0.19,-0.21,0.19,-0.04
22.83,7856199.62,-0.18,-0.19,0.18,-0.07
22.89,8195513.57,-0.18,-0.17,0.18,-0.09
22.96,8504069.72,-0.17,-0.15,0.17,-0.11
23.02,8782387.47,-0.16,-0.13,0.16,-0.12
23.08,9031036.35,-0.16,-0.12,0.16,-0.14
23.15,9250582.02,-0.15,-0.1,0.15,-0.15
23.21,9441555.46,-0.14,-0.09,0.14,-0.17
23.27,9604435.42,-0.13,-0.08,0.13,-0.18
23.34,9739639.02,-0.12,-0.07,0.12,-0.19
23.4,9847516.72,-0.11,-0.06,0.11,-0.2
23.47,9928350.05,-0.1,-0.05,0.1,-0.21
23.53,9982350.71,-0.09,-0.04,0.09,-0.22
23.59,10009660.35,-0.08,-0.03,0.08,-0.23
23.66,10010350.67,-0.07,-0.02,0.07,-0.24
23.72,9984423.49,-0.06,-0.02,0.06,-0.24
23.78,9931810.73,-0.05,-0.01,0.05,-0.25
23.85,9852374.38,-0.04,-0.0,0.04,-0.26
23.91,9745906.36,-0.02,0.0,0.02,-0.26
23.97,9612128.76,-0.01,0.01,0.01,-0.27
24.04,9450694.64,0.0,0.01,-0.0,-0.27
24.1,9261190.28,0.02,0.02,-0.02,-0.27
24.16,9043139.9,0.03,0.02,-0.03,-0.28
24.23,8796014.94,0.05,0.02,-0.05,-0.28
24.29,8519250.88,0.07,0.02,-0.07,-0.28
24.35,8212277.34,0.08,0.02,-0.08,-0.28
24.42,7874570.45,0.1,0.02,-0.1,-0.28
24.48,7505744.06,0.12,0.02,-0.12,-0.27
24.54,7105708.71,0.15,0.01,-0.15,-0.27
24.61,6674951.23,0.17,0.0,-0.17,-0.26
24.67,6215033.05,0.2,-0.01,-0.2,-0.25
24.73,5729489.68,0.23,-0.03,-0.23,-0.23
24.8,5225467.67,0.26,-0.06,-0.26,-0.2
24.86,4716671.06,0.29,-0.1,-0.29,-0.16
24.92,4228339.72,0.32,-0.15,-0.32,-0.11
24.99,3804001.37,0.33,-0.22,-0.33,-0.04
25.05,3508358.52,0.32,-0.31,-0.32,0.06
25.11,3409984.15,0.26,-0.41,-0.26,0.15
25.18,3537425.23,0.17,-0.47,-0.17,0.21
25.24,3854298.23,0.06,-0.49,-0.06,0.23
25.3,4290393.11,-0.02,-0.47,0.02,0.21
25.37,4783462.05,-0.09,-0.43,0.09,0.17
25.43,5292761.4,-0.13,-0.39,0.13,0.13
25.49,5794944.42,-0.15,-0.35,0.15,0.09
25.56,6277409.19,-0.17,-0.31,0.17,0.05
25.62,6733619.87,-0.17,-0.28,0.17,0.02
25.68,7160375.25,-0.18,-0.25,0.18,-0.01
25.75,7556296.32,-0.18,-0.22,0.18,-0.04
25.81,7920994.91,-0.18,-0.2,0.18,-0.06
25.88,8254612.4,-0.17,-0.18,0.17,-0.08
25.94,8557560.4,-0.17,-0.16,0.17,-0.1
26.0,8830373.08,-0.16,-0.14,0.16,-0.12
26.07,9073622.47,-0.16,-0.13,0.16,-0.13
26.13,9287869.67,-0.15,-0.11,0.15,-0.15
26.19,9473637.05,-0.14,-0.1,0.14,-0.16
26.26,9631392.58,-0.13,-0.09,0.13,-0.17
26.32,9761541.35,-0.13,-0.07,0.13,-0.18
26.38,9864421.27,-0.12,-0.06,0.12,-0.2
26.45,9940301.05,-0.11,-0.05,0.11,-0.21
26.51,9989379.49,-0.1,-0.04,0.1,-0.22
26.57,10011785.37,-0.09,-0.03,0.09,-0.22
26.64,10007577.51,-0.08,-0.03,0.08,-0.23
26.7,9976744.86,-0.07,-0.02,0.07,-0.24
26.76,9919206.48,-0.06,-0.01,0.06,-0.25
26.83,9834811.47,-0.04,-0.0,0.04,-0.25
26.89,9723338.85,-0.03,0.0,0.03,-0.26
26.95,9584497.93,-0.02,0.01,0.02,-0.27
27.02,9417929.25,-0.0,0.01,0.0,-0.27
27.08,9223207.19,0.01,0.02,-0.01,-0.28
27.14,8999845.4,0.02,0.02,-0.02,-0.28
27.21,8747307.13,0.04,0.02,-0.04,-0.28
27.27,8465024.02,0.06,0.03,-0.06,-0.28
27.33,8152429.44,0.08,0.03,-0.08,-0.29
27.4,7809016.5,0.1,0.03,-0.1,-0.28
27.46,7434439.07,0.12,0.02,-0.12,-0.28
27.52,7028687.95,0.14,0.02,-0.14,-0.28
27.59,6592401.65,0.17,0.01,-0.17,-0.27
27.65,6127421.27,0.2,-0.0,-0.2,-0.26
27.71,5637794.63,0.23,-0.02,-0.23,-0.24
27.78,5131603.42,0.26,-0.05,-0.26,-0.21
27.84,4624231.94,0.29,-0.08,-0.29,-0.17
27.9,4143763.74,0.32,-0.14,-0.32,-0.12
27.97,3737725.3,0.34,-0.22,-0.34,-0.04
28.03,3473756.88,0.32,-0.31,-0.32,0.05
28.09,3416734.12,0.27,-0.41,-0.27,0.15
28.16,3583464.21,0.17,-0.47,-0.17,0.21
28.22,3927740.71,0.07,-0.48,-0.07,0.22
28.29,4378380.69,-0.01,-0.46,0.01,0.21
28.35,4876885.86,-0.07,-0.43,0.07,0.17
28.41,5386229.12,-0.11,-0.39,0.11,0.13
28.48,5885499.22,-0.14,-0.35,0.14,0.09
28.54,6363495.04,-0.16,-0.32,0.16,0.06
28.6,6814454.34,-0.17,-0.28,0.17,0.03
28.67,7235599.08,-0.17,-0.26,0.17,-0.0
28.73,7625781.01,-0.17,-0.23,0.17,-0.03
28.79,7984736.44,-0.17,-0.21,0.17,-0.05
28.86,8312671.75,-0.17,-0.19,0.17,-0.07
28.92,8610029.87,-0.17,-0.17,0.17,-0.09
28.98,8877356.95,-0.16,-0.15,0.16,-0.11
29.05,9115225.89,-0.16,-0.13,0.16,-0.12
29.11,9324192.31,-0.15,-0.12,0.15,-0.14
29.17,9504769.47,-0.14,-0.11,0.14,-0.15
29.24,9657414.24,-0.14,-0.09,0.14,-0.17
29.3,9782519.6,-0.13,-0.08,0.13,-0.18
29.36,9880410.8,-0.12,-0.07,0.12,-0.19
29.43,9951343.71,-0.11,-0.06,0.11,-0.2
29.49,9995504.25,-0.1,-0.05,0.1,-0.21
29.55,10013008.31,-0.09,-0.04,0.09,-0.22
29.62,10003901.84,-0.08,-0.03,0.08,-0.23
29.68,9968160.92,-0.07,-0.02,0.07,-0.24
29.74,9905691.76,-0.06,-0.01,0.06,-0.24
29.81,9816330.53,-0.05,-0.01,0.05,-0.25
29.87,9699843.41,-0.04,0.0,0.04,-0.26
29.93,9555926.92,-0.03,0.01,0.03,-0.27
30.0,9384209.16,-0.01,0.01,0.01,-0.27
30.06,9184252.84,0.0,0.02,-0.0,-0.28
30.12,8955561.34,0.02,0.02,-0.02,-0.28
30.19,8697590.34,0.03,0.03,-0.03,-0.29
30.25,8409768.76,0.05,0.03,-0.05,-0.29
30.31,8091535.62,0.07,0.03,-0.07,-0.29
30.38,7742404.38,0.09,0.03,-0.09,-0.29
30.44,7362074.7,0.11,0.03,-0.11,-0.29
30.5,6950627.95,0.14,0.03,-0.14,-0.29
30.57,6508872.53,0.16,0.02,-0.16,-0.28
30.63,6038962.31,0.19,0.01,-0.19,-0.27
30.7,5545517.65,0.22,-0.01,-0.22,-0.25
30.76,5037663.9,0.26,-0.03,-0.26,-0.22
30.82,4532648.87,0.29,-0.07,-0.29,-0.19
30.89,4061645.28,0.33,-0.13,-0.33,-0.13
30.95,3676257.5,0.34,-0.21,-0.34,-0.05
31.01,3446312.57,0.33,-0.31,-0.33,0.05
31.08,3431266.18,0.27,-0.4,-0.27,0.14
31.14,3635585.28,0.18,-0.46,-0.18,0.2
31.2,4004741.17,0.08,-0.48,-0.08,0.22
31.27,4467928.9,-0.01,-0.46,0.01,0.2
31.33,4970634.67,-0.06,-0.43,0.06,0.17
31.39,5479331.29,-0.1,-0.39,0.1,0.13
31.46,5975320.22,-0.13,-0.35,0.13,0.09
31.52,6448658.17,-0.15,-0.32,0.15,0.06
31.58,6894275.39,-0.16,-0.29,0.16,0.03
31.65,7309772.45,-0.16,-0.26,0.16,0.0
31.71,7694207.31,-0.17,-0.24,0.17,-0.02
31.77,8047427.11,-0.17,-0.21,0.17,-0.04
31.84,8369695.54,-0.16,-0.19,0.16,-0.06
31.9,8661482.41,-0.16,-0.18,0.16,-0.08
31.96,8923343.35,-0.16,-0.16,0.16,-0.1
32.03,9155850.68,-0.15,-0.14,0.15,-0.12
32.09,9359553.69,-0.15,-0.13,0.15,-0.13
32.15,9534956.07,-0.14,-0.11,0.14,-0.15
32.22,9682503.36,-0.14,-0.1,0.14,-0.16
32.28,9802576.26,-0.13,-0.09,0.13,-0.17
32.34,9895487.36,-0.12,-0.08,0.12,-0.18
32.41,9961479.65,-0.11,-0.06,0.11,-0.19
32.47,10000726.17,-0.11,-0.05,0.11,-0.2
32.53,10013329.9,-0.1,-0.04,0.1,-0.21
32.6,9999323.95,-0.09,-0.03,0.09,-0.22
32.66,9958671.55,-0.08,-0.02,0.08,-0.23
32.72,9891265.99,-0.07,-0.02,0.07,-0.24
32.79,9796930.58,-0.06,-0.01,0.06,-0.25
32.85,9675418.61,-0.04,-0.0,0.04,-0.26
32.91,9526413.89,-0.03,0.01,0.03,-0.27
32.98,9349532.18,-0.02,0.01,0.02,-0.27
33.04,9144324.68,-0.01,0.02,0.01,-0.28
33.11,8910284.91,0.01,0.03,-0.01,-0.28
33.17,8646861.69,0.03,0.03,-0.03,-0.29
33.23,8353482.4,0.04,0.03,-0.04,-0.29
33.3,8029593.87,0.06,0.04,-0.06,-0.3
33.36,7674733.57,0.08,0.04,-0.08,-0.3
33.42,7288653.46,0.11,0.04,-0.11,-0.3
33.49,6871536.81,0.13,0.04,-0.13,-0.29
33.55,6424382.32,0.16,0.03,-0.16,-0.29
33.61,5949693.49,0.19,0.02,-0.19,-0.28
33.68,5452730.47,0.22,0.0,-0.22,-0.26
33.74,4943782.71,0.26,-0.02,-0.26,-0.24
33.8,4442159.99,0.3,-0.06,-0.3,-0.2
33.87,3982367.56,0.33,-0.12,-0.33,-0.14
33.93,3620074.79,0.35,-0.2,-0.35,-0.06
33.99,3426320.59,0.34,-0.3,-0.34,0.04
34.06,3453416.89,0.28,-0.4,-0.28,0.14
34.12,3693329.05,0.18,-0.46,-0.18,0.2
34.18,4084872.61,0.08,-0.47,-0.08,0.21
34.25,4558756.71,0.0,-0.45,-0.0,0.2
34.31,5064547.16,-0.05,-0.42,0.05,0.16
34.37,5571980.36,-0.09,-0.39,0.09,0.13
34.44,6064361.44,-0.12,-0.36,0.12,0.1
34.5,6532875.44,-0.14,-0.32,0.14,0.07
34.56,6973072.42,-0.15,-0.29,0.15,0.04
34.63,7382891.6,-0.15,-0.27,0.15,0.01
34.69,7761575.18,-0.16,-0.24,0.16,-0.01
34.75,8109068.82,-0.16,-0.22,0.16,-0.04
34.82,8425686.6,-0.16,-0.2,0.16,-0.06
34.88,8711921.24,-0.16,-0.18,0.16,-0.08
34.94,8968335.54,-0.16,-0.17,0.16,-0.09
35.01,9195499.93,-0.15,-0.15,0.15,-0.11
35.07,9393956.63,-0.15,-0.13,0.15,-0.12
35.13,9564199.34,-0.14,-0.12,0.14,-0.14
35.2,9706662.06,-0.14,-0.11,0.14,-0.15
35.26,9821713.12,-0.13,-0.09,0.13,-0.16
35.32,9909652.35,-0.12,-0.08,0.12,-0.18
35.39,9970709.9,-0.12,-0.07,0.12,-0.19
35.45,10005045.88,-0.11,-0.06,0.11,-0.2
35.51,10012750.43,-0.1,-0.05,0.1,-0.21
35.58,9993843.77,-0.09,-0.04,0.09,-0.22
35.64,9948276.27,-0.08,-0.03,0.08,-0.23
35.71,9875928.34,-0.07,-0.02,0.07,-0.24
35.77,9776610.4,-0.06,-0.01,0.06,-0.25
35.83,9650062.89,-0.05,-0.0,0.05,-0.26
35.9,9495956.92,-0.04,0.01,0.04,-0.26
35.96,9313896.05,-0.03,0.01,0.03,-0.27
36.02,9103420.19,-0.01,0.02,0.01,-0.28
36.09,8864013.44,0.0,0.03,-0.0,-0.28
36.15,8595118.5,0.02,0.03,-0.02,-0.29
36.21,8296162.6,0.04,0.04,-0.04,-0.3
36.28,7966602.71,0.05,0.04,-0.05,-0.3
36.34,7606004.42,0.08,0.04,-0.08,-0.3
36.4,7214179.11,0.1,0.05,-0.1,-0.3
36.47,6791424.65,0.12,0.04,-0.12,-0.3
36.53,6338952.7,0.15,0.04,-0.15,-0.3
36.59,5859657.62,0.18,0.03,-0.18,-0.29
36.66,5359514.37,0.22,0.01,-0.22,-0.27
36.72,4850109.73,0.26,-0.01,-0.26,-0.25
36.78,4353028.6,0.3,-0.05,-0.3,-0.21
36.85,3906340.73,0.34,-0.11,-0.34,-0.15
36.91,3569648.28,0.36,-0.2,-0.36,-0.06
36.97,3414002.57,0.34,-0.3,-0.34,0.04
37.04,3482942.49,0.28,-0.4,-0.28,0.14
37.1,3756221.51,0.18,-0.45,-0.18,0.19
37.16,4167732.24,0.09,-0.46,-0.09,0.21
37.23,4650607.97,0.01,-0.45,-0.01,0.19
37.29,5158478.06,-0.04,-0.42,0.04,0.16
37.35,5664097.7,-0.08,-0.39,0.08,0.13
37.42,6152581.49,-0.11,-0.36,0.11,0.1
37.48,6616125.95,-0.12,-0.33,0.12,0.07
37.54,7050835.73,-0.14,-0.3,0.14,0.04
37.61,7454952.97,-0.15,-0.27,0.15,0.02
37.67,7827884.36,-0.15,-0.25,0.15,-0.01
37.73,8169663.06,-0.15,-0.23,0.15,-0.03
37.8,8480647.24,-0.15,-0.21,0.15,-0.05
37.86,8761348.94,-0.15,-0.19,0.15,-0.07
37.92,9012336.09,-0.15,-0.17,0.15,-0.09
37.99,9234176.04,-0.15,-0.16,0.15,-0.1
38.05,9427403.25,-0.15,-0.14,0.15,-0.12
38.12,9592501.09,-0.14,-0.13,0.14,-0.13
38.18,9729891.79,-0.14,-0.11,0.14,-0.15
38.24,9839931.23,-0.13,-0.1,0.13,-0.16
38.31,9922906.46,-0.13,-0.09,0.13,-0.17
38.37,9979034.74,-0.12,-0.08,0.12,-0.18
38.43,10008463.31,-0.11,-0.06,0.11,-0.19
38.5,10011269.42,-0.1,-0.05,0.1,-0.21
38.56,9987460.43,-0.1,-0.04,0.1,-0.22
38.62,9936973.84,-0.09,-0.03,0.09,-0.23
38.69,9859677.18,-0.08,-0.02,0.08,-0.24
38.75,9755367.98,-0.07,-0.01,0.07,-0.24
38.81,9623773.83,-0.06,-0.0,0.06,-0.25
38.88,9464553.24,-0.05,0.0,0.05,-0.26
38.94,9277297.66,-0.03,0.01,0.03,-0.27
39.0,9061535.99,-0.02,0.02,0.02,-0.28
39.07,8816743.37,-0.01,0.03,0.01,-0.29
39.13,8542357.27,0.01,0.03,-0.01,-0.29
39.19,8237806.21,0.03,0.04,-0.03,-0.3
39.26,7902559.96,0.05,0.05,-0.05,-0.3
39.32,7536216.73,0.07,0.05,-0.07,-0.31
39.38,7138655.28,0.09,0.05,-0.09,-0.31
39.45,6710302.15,0.12,0.05,-0.12,-0.31
39.51,6252607.26,0.15,0.05,-0.15,-0.31
39.57,5768901.86,0.18,0.04,-0.18,-0.3
39.64,5265959.38,0.22,0.03,-0.22,-0.28
39.7,4756810.9,0.26,0.0,-0.26,-0.26
39.76,4265542.86,0.3,-0.04,-0.3,-0.22
39.83,3833997.96,0.34,-0.1,-0.34,-0.16
39.89,3525430.88,0.36,-0.19,-0.36,-0.07
39.95,3409497.66,0.34,-0.3,-0.34,0.04
40.02,3519529.14,0.28,-0.39,-0.28,0.13
40.08,3823786.32,0.19,-0.44,-0.19,0.19
40.14,4252945.05,0.1,-0.46,-0.1,0.2
40.21,4743251.76,0.02,-0.44,-0.02,0.18
40.27,5252298.45,-0.03,-0.42,0.03,0.16
40.33,5755614.4,-0.07,-0.39,0.07,0.13
40.4,6239944.84,-0.09,-0.36,0.09,0.1
40.46,6698392.39,-0.11,-0.33,0.11,0.07
40.53,7127557.98,-0.13,-0.3,0.13,0.04
40.59,7525954.64,-0.14,-0.28,0.14,0.02
40.65,7893135.81,-0.14,-0.26,0.14,-0.0
40.72,8229212.22,-0.15,-0.23,0.15,-0.02
40.78,8534580.46,-0.15,-0.22,0.15,-0.04
40.84,8809768.69,-0.15,-0.2,0.15,-0.06
40.91,9055348.05,-0.15,-0.18,0.15,-0.08
40.97,9271881.76,-0.15,-0.16,0.15,-0.09
41.03,9459895.95,-0.14,-0.15,0.14,-0.11
41.1,9619863.29,-0.14,-0.13,0.14,-0.12
41.16,9752194.08,-0.14,-0.12,0.14,-0.14
41.22,9857231.67,-0.13,-0.11,0.13,-0.15
41.29,9935250.31,-0.13,-0.09,0.13,-0.16
41.35,9986454.36,-0.12,-0.08,0.12,-0.18
41.41,10010978.18,-0.11,-0.07,0.11,-0.19
41.48,10008886.13,-0.11,-0.06,0.11,-0.2
41.54,9980172.73,-0.1,-0.05,0.1,-0.21
41.6,9924762.6,-0.09,-0.04,0.09,-0.22
41.67,9842510.39,-0.08,-0.03,0.08,-0.23
41.73,9733200.72,-0.07,-0.02,0.07,-0.24
41.79,9596548.39,-0.06,-0.01,0.06,-0.25
41.86,9432199.35,-0.05,0.0,0.05,-0.26
41.92,9239733.11,-0.04,0.01,0.04,-0.27
41.98,9018667.84,-0.03,0.02,0.03,-0.28
42.05,8768470.23,-0.01,0.03,0.01,-0.29
42.11,8488573.49,0.0,0.04,-0.0,-0.29
42.17,8178409.12,0.02,0.04,-0.02,-0.3
42.24,7837462.51,0.04,0.05,-0.04,-0.31
42.3,7465369.57,0.06,0.05,-0.06,-0.31
42.36,7062085.24,0.08,0.06,-0.08,-0.32
42.43,6628180.36,0.11,0.06,-0.11,-0.32
42.49,6165371.41,0.14,0.06,-0.14,-0.32
42.55,5677477.89,0.17,0.05,-0.17,-0.31
42.62,5172164.91,0.21,0.04,-0.21,-0.3
42.68,4664069.39,0.26,0.01,-0.26,-0.27
42.74,4180016.57,0.3,-0.03,-0.3,-0.23
42.81,3765791.44,0.34,-0.09,-0.34,-0.17
42.87,3487844.7,0.37,-0.18,-0.37,-0.07
42.94,3412857.17,0.35,-0.29,-0.35,0.03
43.0,3562805.24,0.28,-0.39,-0.28,0.13
43.06,3895554.67,0.19,-0.44,-0.19,0.18
43.13,4340165.31,0.1,-0.45,-0.1,0.19
43.19,4836481.19,0.03,-0.44,-0.03,0.18
43.25,5345894.8,-0.02,-0.41,0.02,0.16
43.32,5846470.92,-0.06,-0.39,0.06,0.13
43.38,6326421.72,-0.08,-0.36,0.08,0.1
43.44,6779661.29,-0.1,-0.33,0.1,0.07
43.51,7203234.53,-0.12,-0.31,0.12,0.05
43.57,7595896.72,-0.13,-0.28,0.13,0.02
43.63,7957332.12,-0.14,-0.26,0.14,0.0
43.7,8287720.05,-0.14,-0.24,0.14,-0.02
43.76,8587490.47,-0.14,-0.22,0.14,-0.04
43.82,8857184.69,-0.14,-0.2,0.14,-0.05
43.89,9097375.42,-0.15,-0.19,0.15,-0.07
43.95,9308620.75,-0.14,-0.17,0.14,-0.09
44.01,9491437.92,-0.14,-0.16,0.14,-0.1
44.08,9646288.66,-0.14,-0.14,0.14,-0.12
44.14,9773571.17,-0.14,-0.13,0.14,-0.13
44.2,9873616.18,-0.13,-0.11,0.13,-0.15
44.27,9946685.12,-0.13,-0.1,0.13,-0.16
44.33,9992969.47,-0.12,-0.09,0.12,-0.17
44.39,10012590.68,-0.12,-0.08,0.12,-0.18
44.46,10005600.26,-0.11,-0.06,0.11,-0.19
44.52,9971979.86,-0.1,-0.05,0.1,-0.21
44.58,9911641.24,-0.1,-0.04,0.1,-0.22
44.65,9824426.14,-0.09,-0.03,0.09,-0.23
44.71,9710106.3,-0.08,-0.02,0.08,-0.24
44.77,9568383.75,-0.07,-0.01,0.07,-0.25
44.84,9398891.96,-0.06,0.0,0.06,-0.26
44.9,9201198.66,-0.05,0.01,0.05,-0.27
44.96,8974811.61,-0.04,0.02,0.04,-0.28
45.03,8719189.69,-0.02,0.03,0.02,-0.29
45.09,8433762.85,-0.01,0.04,0.01,-0.3
45.15,8117967.41,0.01,0.05,-0.01,-0.3
45.22,7771307.63,0.03,0.05,-0.03,-0.31
45.28,7393462.62,0.05,0.06,-0.05,-0.32
45.35,6984473.31,0.07,0.06,-0.07,-0.32
45.41,6545072.34,0.1,0.07,-0.1,-0.32
45.47,6077274.18,0.13,0.07,-0.13,-0.32
45.54,5585444.06,0.17,0.06,-0.17,-0.32
45.6,5078242.48,0.21,0.05,-0.21,-0.31
45.66,4572088.81,0.26,0.02,-0.26,-0.28
45.73,4096791.24,0.3,-0.02,-0.3,-0.24
45.79,3702188.27,0.35,-0.08,-0.35,-0.17
45.85,3457268.68,0.37,-0.18,-0.37,-0.08
45.92,3424042.8,0.35,-0.29,-0.35,0.03
45.98,3612354.19,0.28,-0.38,-0.28,0.12
46.04,3971071.91,0.19,-0.43,-0.19,0.17
46.11,4429075.33,0.11,-0.44,-0.11,0.18
46.17,4930110.35,0.04,-0.43,-0.04,0.17
46.23,5439166.11,-0.01,-0.41,0.01,0.15
46.3,5936614.76,-0.04,-0.39,0.04,0.13
46.36,6411986.35,-0.07,-0.36,0.07,0.1
46.42,6859921.4,-0.09,-0.33,0.09,0.08
46.49,7277862.08,-0.11,-0.31,0.11,0.05
46.55,7664780.14,-0.12,-0.29,0.12,0.03
46.61,8020476.41,-0.13,-0.27,0.13,0.01
46.68,8345190.74,-0.13,-0.25,0.13,-0.01
46.74,8639381.82,-0.14,-0.23,0.14,-0.03
46.8,8903601.49,-0.14,-0.21,0.14,-0.05
46.87,9138422.49,-0.14,-0.19,0.14,-0.07
46.93,9344396.93,-0.14,-0.18,0.14,-0.08
46.99,9522032.71,-0.14,-0.16,0.14,-0.1
47.06,9671780.27,-0.14,-0.15,0.14,-0.11
47.12,9794025.64,-0.14,-0.13,0.14,-0.13
47.18,9889086.88,-0.13,-0.12,0.13,-0.14
47.25,9957212.55,-0.13,-0.11,0.13,-0.15
47.31,9998581.25,-0.13,-0.09,0.13,-0.16
47.37,10013301.53,-0.12,-0.08,0.12,-0.18
47.44,10001412.06,-0.11,-0.07,0.11,-0.19
47.5,9962881.61,-0.11,-0.06,0.11,-0.2
47.56,9897609.06,-0.1,-0.05,0.1,-0.21
47.63,9805423.27,-0.09,-0.03,0.09,-0.22
47.69,9686083.1,-0.09,-0.02,0.09,-0.23
47.75,9539277.83,-0.08,-0.01,0.08,-0.25
47.82,9364628.56,-0.07,-0.0,0.07,-0.26
47.88,9161691.42,-0.06,0.01,0.06,-0.27
47.95,8929964.14,-0.04,0.02,0.04,-0.28
48.01,8668898.43,-0.03,0.03,0.03,-0.29
48.07,8377922.15,-0.01,0.04,0.01,-0.3
48.14,8056478.5,0.0,0.05,-0.0,-0.31
48.2,7704094.1,0.02,0.06,-0.02,-0.31
48.26,7320497.47,0.04,0.06,-0.04,-0.32
48.33,6905826.41,0.07,0.07,-0.07,-0.33
48.39,6460994.76,0.09,0.07,-0.09,-0.33
48.45,5988350.22,0.13,0.07,-0.13,-0.33
48.52,5492867.83,0.16,0.07,-0.16,-0.33
48.58,4984318.65,0.21,0.06,-0.21,-0.32
48.64,4481096.45,0.25,0.04,-0.25,-0.29
48.71,4016237.63,0.31,-0.01,-0.31,-0.25
48.77,3643664.24,0.35,-0.08,-0.35,-0.18
48.83,3434025.89,0.37,-0.17,-0.37,-0.09
48.9,3442928.0,0.35,-0.28,-0.35,0.03
48.96,3667726.8,0.29,-0.37,-0.29,0.12
49.02,4049901.84,0.2,-0.42,-0.2,0.16
49.09,4519383.31,0.12,-0.43,-0.12,0.18
49.15,5023970.91,0.05,-0.43,-0.05,0.17
49.21,5532021.09,0.0,-0.41,-0.0,0.15
49.28,6025998.19,-0.03,-0.38,0.03,0.12
49.34,6496614.92,-0.06,-0.36,0.06,0.1
49.4,6939162.04,-0.08,-0.34,0.08,0.08
49.47,7351437.09,-0.1,-0.31,0.1,0.05
49.53,7732605.25,-0.11,-0.29,0.11,0.03
49.59,8082571.05,-0.12,-0.27,0.12,0.01
49.66,8401627.6,-0.13,-0.25,0.13,-0.01
49.72,8690258.2,-0.13,-0.23,0.13,-0.02
49.78,8949022.8,-0.13,-0.22,0.13,-0.04
49.85,9178492.81,-0.14,-0.2,0.14,-0.06
49.91,9379213.59,-0.14,-0.18,0.14,-0.07
49.97,9551683.21,-0.14,-0.17,0.14,-0.09
50.04,9696340.67,-0.14,-0.15,0.14,-0.1
50.1,9813559.65,-0.14,-0.14,0.14,-0.12
50.16,9903645.51,-0.13,-0.13,0.13,-0.13
50.23,9966833.94,-0.13,-0.11,0.13,-0.15
50.29,10003290.64,-0.13,-0.1,0.13,-0.16
50.36,10013111.3,-0.12,-0.09,0.12,-0.17
50.42,9996321.69,-0.12,-0.07,0.12,-0.18
50.48,9952877.75,-0.11,-0.06,0.11,-0.2
50.55,9882665.46,-0.11,-0.05,0.11,-0.21
50.61,9785500.78,-0.1,-0.04,0.1,-0.22
50.67,9661129.73,-0.09,-0.03,0.09,-0.23
50.74,9509228.89,-0.08,-0.02,0.08,-0.24
50.8,9329407.06,-0.07,-0.0,0.07,-0.25
50.86,9121209.01,-0.06,0.01,0.06,-0.26
50.93,8884122.85,-0.05,0.02,0.05,-0.28
50.99,8617593.83,-0.04,0.03,0.04,-0.29
51.05,8321049.06,-0.02,0.04,0.02,-0.3
51.12,7993940.84,-0.01,0.05,0.01,-0.31
51.18,7635822.07,0.01,0.06,-0.01,-0.32
51.24,7246477.54,0.03,0.07,-0.03,-0.33
51.31,6826153.99,0.06,0.07,-0.06,-0.33
51.37,6375968.12,0.09,0.08,-0.09,-0.34
51.43,5898640.13,0.12,0.08,-0.12,-0.34
51.5,5399826.47,0.16,0.08,-0.16,-0.34
51.56,4890536.31,0.2,0.07,-0.2,-0.33
51.62,4391344.79,0.25,0.05,-0.25,-0.31
51.69,3938754.68,0.31,0.0,-0.31,-0.26
51.75,3590694.4,0.35,-0.07,-0.35,-0.19
51.81,3418371.01,0.38,-0.17,-0.38,-0.09
51.88,3469302.66,0.35,-0.28,-0.35,0.02
51.94,3728453.83,0.29,-0.37,-0.29,0.11
52.0,4131630.72,0.2,-0.41,-0.2,0.16
52.07,4610822.29,0.13,-0.43,-0.13,0.17
52.13,5117910.63,0.06,-0.42,-0.06,0.16
52.19,5624377.15,0.01,-0.4,-0.01,0.14
52.26,6114577.67,-0.02,-0.38,0.02,0.12
52.32,6580285.39,-0.05,-0.36,0.05,0.1
52.38,7017372.93,-0.07,-0.34,0.07,0.08
52.45,7423955.73,-0.09,-0.32,0.09,0.06
52.51,7799371.72,-0.1,-0.29,0.1,0.04
52.57,8143617.54,-0.11,-0.28,0.11,0.02
52.64,8457033.03,-0.12,-0.26,0.12,-0.0
52.7,8740122.33,-0.12,-0.24,0.12,-0.02
52.77,8993451.37,-0.13,-0.22,0.13,-0.04
52.83,9217588.98,-0.13,-0.21,0.13,-0.05
52.89,9413073.04,-0.13,-0.19,0.13,-0.07
52.96,9580391.44,-0.13,-0.18,0.13,-0.08
53.02,9719971.51,-0.13,-0.16,0.13,-0.1
53.08,9832174.51,-0.13,-0.15,0.13,-0.11
53.15,9917293.02,-0.13,-0.13,0.13,-0.13
53.21,9975549.87,-0.13,-0.12,0.13,-0.14
53.27,10007097.86,-0.13,-0.11,0.13,-0.15
53.34,10012019.8,-0.12,-0.09,0.12,-0.16
53.4,9990328.62,-0.12,-0.08,0.12,-0.18
53.46,9941967.36,-0.12,-0.07,0.12,-0.19
53.53,9866809.14,-0.11,-0.06,0.11,-0.2
53.59,9764657.03,-0.1,-0.04,0.1,-0.21
53.65,9635244.18,-0.1,-0.03,0.1,-0.23
53.72,9478234.54,-0.09,-0.02,0.09,-0.24
53.78,9293224.77,-0.08,-0.01,0.08,-0.25
53.84,9079748.49,-0.07,0.0,0.07,-0.26
53.91,8837284.64,-0.06,0.02,0.06,-0.27
53.97,8565272.86,-0.05,0.03,0.05,-0.29
54.03,8263140.9,-0.03,0.04,0.03,-0.3
54.1,7930352.67,-0.02,0.05,0.02,-0.31
54.16,7566491.71,0.0,0.06,-0.0,-0.32
54.22,7171406.64,0.02,0.07,-0.02,-0.33
54.29,6745466.59,0.05,0.08,-0.05,-0.34
54.35,6290015.29,0.08,0.09,-0.08,-0.34
54.41,5808189.29,0.11,0.09,-0.11,-0.35
54.48,5306406.26,0.15,0.09,-0.15,-0.35
54.54,4797054.46,0.2,0.08,-0.2,-0.34
54.6,4303111.25,0.25,0.06,-0.25,-0.32
54.67,3864766.11,0.31,0.01,-0.31,-0.27
54.73,3543741.07,0.36,-0.06,-0.36,-0.2
54.79,3410479.68,0.38,-0.16,-0.38,-0.1
54.86,3502881.77,0.36,-0.27,-0.36,0.02
54.92,3794058.54,0.29,-0.36,-0.29,0.1
54.98,4215871.19,0.21,-0.4,-0.21,0.15
55.05,4703150.48,0.13,-0.42,-0.13,0.16
55.11,5211793.54,0.07,-0.41,-0.07,0.15
55.18,5716161.11,0.03,-0.4,-0.03,0.14
55.24,6202315.04,-0.01,-0.38,0.01,0.12
55.3,6662978.76,-0.04,-0.36,0.04,0.1
55.37,7094545.58,-0.06,-0.34,0.06,0.08
55.43,7495415.24,-0.08,-0.32,0.08,0.06
55.49,7865079.83,-0.09,-0.3,0.09,0.04
55.56,8203617.73,-0.1,-0.28,0.1,0.02
55.62,8511409.6,-0.11,-0.26,0.11,0.0
55.68,8788977.01,-0.12,-0.24,0.12,-0.01
55.75,9036889.92,-0.12,-0.23,0.12,-0.03
55.81,9255713.47,-0.13,-0.21,0.13,-0.05
55.87,9445977.45,-0.13,-0.2,0.13,-0.06
55.94,9608159.19,-0.13,-0.18,0.13,-0.08
56.0,9742674.18,-0.13,-0.17,0.13,-0.09
56.06,9849871.17,-0.13,-0.15,0.13,-0.11
56.13,9930029.95,-0.13,-0.14,0.13,-0.12
56.19,9983360.46,-0.13,-0.13,0.13,-0.13
56.25,10010002.6,-0.13,-0.11,0.13,-0.15
56.32,10010026.33,-0.13,-0.1,0.13,-0.16
56.38,9983431.69,-0.12,-0.09,0.12,-0.17
56.44,9930148.88,-0.12,-0.07,0.12,-0.18
56.51,9850038.12,-0.11,-0.06,0.11,-0.2
56.57,9742889.58,-0.11,-0.05,0.11,-0.21
56.63,9608423.6,-0.1,-0.04,0.1,-0.22
56.7,9446291.54,-0.09,-0.02,0.09,-0.23
56.76,9256078.05,-0.09,-0.01,0.09,-0.25
56.82,9037305.9,-0.08,0.0,0.08,-0.26
56.89,8789445.36,-0.07,0.01,0.07,-0.27
56.95,8511931.34,-0.05,0.03,0.05,-0.28
57.01,8204193.87,-0.04,0.04,0.04,-0.3
57.08,7865711.2,-0.02,0.05,0.02,-0.31
57.14,7496102.31,-0.01,0.06,0.01,-0.32
57.2,7095288.08,0.01,0.07,-0.01,-0.33
57.27,6663775.01,0.04,0.08,-0.04,-0.34
57.33,6203160.76,0.07,0.09,-0.07,-0.35
57.39,5717047.25,0.1,0.1,-0.1,-0.36
57.46,5212702.34,0.14,0.1,-0.14,-0.36
57.52,4704048.52,0.19,0.09,-0.19,-0.35
57.58,4216698.34,0.25,0.07,-0.25,-0.33
57.65,3794716.38,0.31,0.02,-0.31,-0.28
57.71,3503241.21,0.36,-0.05,-0.36,-0.21
57.78,3410441.57,0.38,-0.16,-0.38,-0.1
57.84,3543317.1,0.36,-0.27,-0.36,0.01
57.9,3864067.89,0.29,-0.35,-0.29,0.09
57.97,4302264.89,0.21,-0.4,-0.21,0.14
58.03,4796150.89,0.14,-0.41,-0.14,0.15
58.09,5305499.71,0.08,-0.4,-0.08,0.15
58.16,5807309.59,0.04,-0.39,-0.04,0.13
58.22,6289178.18,-0.0,-0.37,0.0,0.12
58.28,6744680.01,-0.03,-0.36,0.03,0.1
58.35,7170674.27,-0.05,-0.34,0.05,0.08
58.41,7565814.9,-0.07,-0.32,0.07,0.06
58.47,7929731.52,-0.08,-0.3,0.08,0.04
58.54,8262574.85,-0.09,-0.28,0.09,0.02
58.6,8564761.02,-0.1,-0.27,0.1,0.01
58.66,8836826.01,-0.11,-0.25,0.11,-0.01
58.73,9079342.05,-0.12,-0.23,0.12,-0.03
58.79,9292869.55,-0.12,-0.22,0.12,-0.04
58.85,9477929.66,-0.13,-0.2,0.13,-0.06
58.92,9634988.85,-0.13,-0.19,0.13,-0.07
58.98,9764450.59,-0.13,-0.17,0.13,-0.09
59.04,9866651.07,-0.13,-0.16,0.13,-0.1
59.11,9941857.23,-0.13,-0.15,0.13,-0.11
59.17,9990266.14,-0.13,-0.13,0.13,-0.13
59.23,10012004.82,-0.13,-0.12,0.13,-0.14
59.3,10007130.33,-0.13,-0.11,0.13,-0.15
59.36,9975629.88,-0.12,-0.09,0.12,-0.17
59.42,9917420.77,-0.12,-0.08,0.12,-0.18
59.49,9832350.34,-0.12,-0.07,0.12,-0.19
59.55,9720195.89,-0.11,-0.05,0.11,-0.2
59.61,9580664.95,-0.11,-0.04,0.11,-0.22
59.68,9413396.38,-0.1,-0.03,0.1,-0.23
59.74,9217962.96,-0.09,-0.01,0.09,-0.24
59.8,8993876.92,-0.08,-0.0,0.08,-0.26
59.87,8740600.44,-0.07,0.01,0.07,-0.27
59.93,8457564.73,-0.06,0.02,0.06,-0.28
59.99,8144203.8,-0.05,0.04,0.05,-0.3
60.06,7800013.33,-0.03,0.05,0.03,-0.31
60.12,7424653.07,-0.02,0.06,0.02,-0.32
60.19,7018125.52,0.0,0.08,-0.0,-0.34
60.25,6581091.19,0.03,0.09,-0.03,-0.35
60.31,6115431.71,0.06,0.1,-0.06,-0.36
60.38,5625269.15,0.09,0.11,-0.09,-0.36
60.44,5118820.59,0.14,0.11,-0.14,-0.37
60.5,4611712.82,0.19,0.1,-0.19,-0.36
60.57,4132435.34,0.24,0.08,-0.24,-0.34
60.63,3729066.74,0.31,0.03,-0.31,-0.29
60.69,3469593.91,0.36,-0.04,-0.36,-0.21
60.76,3418257.1,0.38,-0.15,-0.38,-0.1
60.82,3590209.95,0.36,-0.26,-0.36,0.01
60.88,3938020.46,0.29,-0.34,-0.29,0.09
60.95,4390482.29,0.21,-0.39,-0.21,0.13
61.01,4889629.01,0.15,-0.4,-0.15,0.14
61.07,5398923.14,0.09,-0.4,-0.09,0.14
61.14,5897767.37,0.05,-0.39,-0.05,0.13
61.2,6375139.86,0.01,-0.37,-0.01,0.11
61.26,6825377.19,-0.02,-0.35,0.02,0.1
61.33,7245755.34,-0.04,-0.34,0.04,0.08
61.39,7635155.52,-0.06,-0.32,0.06,0.06
61.45,7993329.88,-0.07,-0.3,0.07,0.04
61.52,8320493.06,-0.09,-0.29,0.09,0.03
61.58,8617091.86,-0.1,-0.27,0.1,0.01
61.64,8883673.9,-0.1,-0.25,0.1,-0.01
61.71,9120812.06,-0.11,-0.24,0.11,-0.02
61.77,9329061.16,-0.12,-0.22,0.12,-0.04
61.83,9508933.17,-0.12,-0.21,0.12,-0.05
61.9,9660883.44,-0.12,-0.19,0.12,-0.06
61.96,9785303.29,-0.13,-0.18,0.13,-0.08
62.02,9882516.23,-0.13,-0.17,0.13,-0.09
62.09,9952776.41,-0.13,-0.15,0.13,-0.11
62.15,9996267.97,-0.13,-0.14,0.13,-0.12
62.21,10013105.05,-0.13,-0.13,0.13,-0.13
62.28,10003331.85,-0.13,-0.11,0.13,-0.15
62.34,9966922.72,-0.13,-0.1,0.13,-0.16
62.4,9903782.09,-0.12,-0.09,0.12,-0.17
62.47,9813744.39,-0.12,-0.07,0.12,-0.19
62.53,9696574.04,-0.12,-0.06,0.12,-0.2
62.6,9551965.83,-0.11,-0.05,0.11,-0.21
62.66,9379546.19,-0.11,-0.03,0.11,-0.23
62.72,9178876.22,-0.1,-0.02,0.1,-0.24
62.79,8949457.95,-0.09,-0.0,0.09,-0.25
62.85,8690746.1,-0.08,0.01,0.08,-0.27
62.91,8402169.28,-0.07,0.02,0.07,-0.28
62.98,8083167.46,-0.06,0.04,0.06,-0.3
63.04,7733257.13,-0.04,0.05,0.04,-0.31
63.1,7352144.68,-0.03,0.07,0.03,-0.32
63.17,6939924.65,-0.01,0.08,0.01,-0.34
63.23,6497430.1,0.02,0.09,-0.02,-0.35
63.29,6026860.21,0.05,0.1,-0.05,-0.36
63.36,5532918.3,0.08,0.11,-0.08,-0.37
63.42,5024880.79,0.13,0.12,-0.13,-0.37
63.48,4520264.1,0.18,0.11,-0.18,-0.37
63.55,4050680.32,0.24,0.09,-0.24,-0.35
63.61,3668290.17,0.31,0.04,-0.31,-0.3
63.67,3443147.98,0.36,-0.04,-0.36,-0.22
63.74,3433837.49,0.38,-0.15,-0.38,-0.11
63.8,3643123.7,0.35,-0.26,-0.35,-0.0
63.86,4015471.63,0.29,-0.33,-0.29,0.08
63.93,4480220.61,0.22,-0.38,-0.22,0.12
63.99,4983409.22,0.15,-0.39,-0.15,0.13
64.05,5491968.6,0.1,-0.39,-0.1,0.13
64.12,5987484.87,0.06,-0.38,-0.06,0.12
64.18,6460175.59,0.02,-0.37,-0.02,0.11
64.24,6905059.5,-0.01,-0.35,0.01,0.09
64.31,7319785.47,-0.03,-0.34,0.03,0.08
64.37,7703437.8,-0.05,-0.32,0.05,0.06
64.43,8055877.71,-0.06,-0.3,0.06,0.05
64.5,8377376.15,-0.08,-0.29,0.08,0.03
64.56,8668406.28,-0.09,-0.27,0.09,0.01
64.62,8929524.83,-0.1,-0.26,0.1,-0.0
64.69,9161303.93,-0.1,-0.24,0.1,-0.02
64.75,9364291.96,-0.11,-0.23,0.11,-0.03
64.81,9538991.27,-0.12,-0.21,0.12,-0.05
64.88,9685845.83,-0.12,-0.2,0.12,-0.06
64.94,9805234.69,-0.12,-0.19,0.12,-0.07
65.01,9897468.67,-0.13,-0.17,0.13,-0.09
65.07,9962789.05,-0.13,-0.16,0.13,-0.1
65.13,10001367.08,-0.13,-0.14,0.13,-0.11
65.2,10013304.01,-0.13,-0.13,0.13,-0.13
65.26,9998631.2,-0.13,-0.12,0.13,-0.14
65.32,9957310.1,-0.13,-0.1,0.13,-0.15
65.39,9889232.28,-0.13,-0.09,0.13,-0.17
65.45,9794219.29,-0.12,-0.08,0.12,-0.18
65.51,9672022.66,-0.12,-0.06,0.12,-0.19
65.58,9522324.47,-0.12,-0.05,0.12,-0.21
65.64,9344738.82,-0.11,-0.04,0.11,-0.22
65.7,9138815.34,-0.1,-0.02,0.1,-0.24
65.77,8904046.27,-0.1,-0.01,0.1,-0.25
65.83,8639879.54,-0.09,0.01,0.09,-0.26
65.89,8345742.42,-0.08,0.02,0.08,-0.28
65.96,8021082.98,-0.07,0.04,0.07,-0.29
66.02,7665442.27,-0.05,0.05,0.05,-0.31
66.08,7278579.89,-0.04,0.07,0.04,-0.32
66.15,6860693.94,-0.02,0.08,0.02,-0.34
66.21,6412810.71,0.01,0.1,-0.01,-0.35
66.27,5937484.38,0.04,0.11,-0.04,-0.37
66.34,5440067.77,0.07,0.12,-0.07,-0.38
66.4,4931018.76,0.12,0.13,-0.12,-0.38
66.46,4429943.92,0.17,0.12,-0.17,-0.38
66.53,3971820.36,0.24,0.1,-0.24,-0.36
66.59,3612863.42,0.31,0.05,-0.31,-0.31
66.65,3424189.09,0.37,-0.03,-0.37,-0.23
66.72,3457007.87,0.39,-0.14,-0.39,-0.11
66.78,3701596.19,0.35,-0.25,-0.35,-0.01
66.84,4095997.45,0.29,-0.33,-0.29,0.07
66.91,4571202.2,0.22,-0.37,-0.22,0.11
66.97,5077332.39,0.16,-0.38,-0.16,0.12
67.03,5584549.73,0.11,-0.38,-0.11,0.12
67.1,6076416.64,0.07,-0.37,-0.07,0.12
67.16,6544262.46,0.03,-0.36,-0.03,0.1
67.22,6983716.38,0.0,-0.35,-0.0,0.09
67.29,7392760.85,-0.02,-0.34,0.02,0.08
67.35,7770661.58,-0.04,-0.32,0.04,0.06
67.42,8117376.77,-0.06,-0.31,0.06,0.05
67.48,8433226.84,-0.07,-0.29,0.07,0.03
67.54,8718707.35,-0.08,-0.28,0.08,0.02
67.61,8974381.92,-0.09,-0.26,0.09,0.0
67.67,9200820.6,-0.1,-0.25,0.1,-0.01
67.73,9398564.63,-0.11,-0.23,0.11,-0.03
67.8,9568106.31,-0.11,-0.22,0.11,-0.04
67.86,9709878.03,-0.12,-0.2,0.12,-0.05
67.92,9824246.46,-0.12,-0.19,0.12,-0.07
67.99,9911509.67,-0.12,-0.18,0.12,-0.08
68.05,9971896.07,-0.13,-0.16,0.13,-0.09
68.11,10005564.02,-0.13,-0.15,0.13,-0.11
68.18,10012601.89,-0.13,-0.14,0.13,-0.12
68.24,9993028.16,-0.13,-0.12,0.13,-0.13
68.3,9946791.45,-0.13,-0.11,0.13,-0.15
68.37,9873770.43,-0.13,-0.1,0.13,-0.16
68.43,9773773.74,-0.13,-0.08,0.13,-0.17
68.49,9646540.08,-0.12,-0.07,0.12,-0.19
68.56,9491738.85,-0.12,-0.06,0.12,-0.2
68.62,9308971.94,-0.12,-0.04,0.12,-0.22
68.68,9097777.75,-0.11,-0.03,0.11,-0.23
68.75,8857639.14,-0.1,-0.01,0.1,-0.25
68.81,8587998.04,-0.1,0.0,0.1,-0.26
68.87,8288281.76,-0.09,0.02,0.09,-0.28
68.94,7957948.86,-0.08,0.03,0.08,-0.29
69.0,7596569.09,-0.06,0.05,0.06,-0.31
69.06,7203962.52,-0.05,0.07,0.05,-0.32
69.13,6780443.65,-0.03,0.08,0.03,-0.34
69.19,6327255.04,-0.0,0.1,0.0,-0.36
69.25,5847347.68,0.03,0.11,-0.03,-0.37
69.32,5346800.07,0.07,0.13,-0.07,-0.38
69.38,4837386.58,0.11,0.13,-0.11,-0.39
69.44,4341019.0,0.17,0.13,-0.17,-0.39
69.51,3896268.98,0.24,0.11,-0.24,-0.37
69.57,3563255.86,0.31,0.06,-0.31,-0.32
69.63,3412928.12,0.37,-0.03,-0.37,-0.23
69.7,3487514.3,0.38,-0.14,-0.38,-0.12
69.76,3765152.45,0.35,-0.24,-0.35,-0.01
69.82,4179198.72,0.29,-0.32,-0.29,0.06
69.89,4663174.34,0.23,-0.35,-0.23,0.1
69.95,5171255.47,0.17,-0.37,-0.17,0.11
70.02,5676589.15,0.12,-0.37,-0.12,0.12
70.08,6164522.06,0.08,-0.37,-0.08,0.11
70.14,6627379.97,0.04,-0.36,-0.04,0.1
70.21,7061338.37,0.01,-0.35,-0.01,0.09
70.27,7464678.06,-0.01,-0.33,0.01,0.08
70.33,7836826.72,-0.03,-0.32,0.03,0.06
70.4,8177828.61,-0.05,-0.31,0.05,0.05
70.46,8488047.45,-0.06,-0.29,0.06,0.03
70.52,8767997.67,-0.07,-0.28,0.07,0.02
70.59,9018247.73,-0.08,-0.26,0.08,0.01
70.65,9239364.47,-0.09,-0.25,0.09,-0.01
70.71,9431881.27,-0.1,-0.24,0.1,-0.02
70.78,9596280.06,-0.11,-0.22,0.11,-0.04
70.84,9732981.44,-0.11,-0.21,0.11,-0.05
70.9,9842339.6,-0.12,-0.2,0.12,-0.06
70.97,9924639.85,-0.12,-0.18,0.12,-0.07
71.03,9980097.7,-0.12,-0.17,0.12,-0.09
71.09,10008858.63,-0.13,-0.16,0.13,-0.1
71.16,10010998.12,-0.13,-0.14,0.13,-0.11
71.22,9986521.81,-0.13,-0.13,0.13,-0.13
71.28,9935365.44,-0.13,-0.12,0.13,-0.14
71.35,9857394.79,-0.13,-0.1,0.13,-0.15
71.41,9752405.61,-0.13,-0.09,0.13,-0.17
71.47,9620123.77,-0.13,-0.08,0.13,-0.18
71.54,9460206.06,-0.12,-0.06,0.12,-0.2
71.6,9272242.3,-0.12,-0.05,0.12,-0.21
71.66,9055759.9,-0.12,-0.03,0.12,-0.23
71.73,8810232.83,-0.11,-0.02,0.11,-0.24
71.79,8535097.92,-0.1,-0.0,0.1,-0.26
71.85,8229783.99,-0.09,0.01,0.09,-0.27
71.92,7893762.76,-0.08,0.03,0.08,-0.29
71.98,7526637.27,-0.07,0.05,0.07,-0.31
72.04,7128296.11,-0.06,0.07,0.06,-0.32
72.11,6699184.48,-0.04,0.08,0.04,-0.34
72.17,6240786.87,-0.01,0.1,0.01,-0.36
72.23,5756497.82,0.02,0.12,-0.02,-0.38
72.3,5253206.4,0.06,0.13,-0.06,-0.39
72.36,4744152.42,0.1,0.14,-0.1,-0.4
72.43,4253780.89,0.16,0.14,-0.16,-0.4
72.49,3824462.15,0.23,0.12,-0.23,-0.38
72.55,3519916.93,0.31,0.07,-0.31,-0.33
72.62,3409492.47,0.37,-0.02,-0.37,-0.24
72.68,3525034.31,0.38,-0.13,-0.38,-0.12
72.74,3833316.63,0.35,-0.24,-0.35,-0.02
72.81,4264704.41,0.29,-0.31,-0.29,0.05
72.87,4755909.49,0.23,-0.34,-0.23,0.09
72.93,5265051.74,0.17,-0.36,-0.17,0.1
73.0,5768019.32,0.12,-0.37,-0.12,0.11
73.06,6251766.4,0.08,-0.36,-0.08,0.1
73.12,6709511.38,0.05,-0.35,-0.05,0.1
73.19,7137918.53,0.02,-0.34,-0.02,0.08
73.25,7535535.49,0.0,-0.33,-0.0,0.07
73.31,7901934.4,-0.02,-0.32,0.02,0.06
73.38,8237235.81,-0.04,-0.31,0.04,0.05
73.44,8541841.15,-0.05,-0.29,0.05,0.03
73.5,8816280.55,-0.06,-0.28,0.06,0.02
73.57,9061125.44,-0.08,-0.27,0.08,0.01
